CREATE DATABASE metro_cdmx;
USE metro_cdmx;

CREATE TABLE `lines` (
  `id` bigint(20) unsigned NOT NULL AUTO_INCREMENT,
  `name` varchar(10) NOT NULL,
  `color` varchar(15) NOT NULL,
  `created_at` timestamp NOT NULL DEFAULT current_timestamp(),
  `updated_at` timestamp NOT NULL DEFAULT current_timestamp(),
  PRIMARY KEY (`id`)
) DEFAULT CHARSET=utf8mb4 COLLATE=utf8mb4_unicode_ci;

INSERT INTO `lines` VALUES
(1,'Línea 1','Rosa','2024-02-14 01:28:38','2024-02-14 01:28:38'),
(2,'Línea 2','Azul','2024-02-14 01:28:38','2024-02-14 01:28:38'),
(3,'Línea 3','Verde olivo','2024-02-14 01:28:38','2024-02-14 01:28:38'),
(4,'Línea 4','Cian','2024-02-14 01:28:38','2024-02-14 01:28:38'),
(5,'Línea 5','Amarillo','2024-02-14 01:28:38','2024-02-14 01:28:38'),
(6,'Línea 6','Rojo','2024-02-14 01:28:38','2024-02-14 01:28:38'),
(7,'Línea 7','Naranja','2024-02-14 01:28:38','2024-02-14 01:28:38'),
(8,'Línea 8','Verder','2024-02-14 01:28:38','2024-02-14 01:28:38'),
(9,'Línea 9','Café','2024-02-14 01:28:38','2024-02-14 01:28:38'),
(10,'Línea A','Morado','2024-02-14 01:28:38','2024-02-14 01:28:38'),
(11,'Línea B','Verde y gris','2024-02-14 01:28:38','2024-02-14 01:28:38'),
(12,'Línea 12','Oro','2024-02-14 01:28:38','2024-02-14 01:28:38');

CREATE TABLE `stations` (
  `id` bigint(20) unsigned NOT NULL AUTO_INCREMENT,
  `name` varchar(50) NOT NULL,
  `created_at` timestamp NOT NULL DEFAULT current_timestamp(),
  `updated_at` timestamp NOT NULL DEFAULT current_timestamp(),
  PRIMARY KEY (`id`)
) DEFAULT CHARSET=utf8mb4 COLLATE=utf8mb4_unicode_ci;

INSERT INTO `stations` VALUES
(1,'Lázaro Cárdenas','2024-02-10 00:00:21','2024-02-10 00:00:21'),
(2,'Ferrería','2024-02-10 00:00:21','2024-02-10 00:00:21'),
(3,'Pantitlán','2024-02-10 00:00:21','2024-02-10 00:00:21'),
(4,'Tacuba','2024-02-10 00:00:21','2024-02-10 00:00:21'),
(5,'Martín Carrera','2024-02-10 00:00:21','2024-02-10 00:00:21'),
(6,'Santa Anita','2024-02-10 00:00:21','2024-02-10 00:00:21'),
(7,'Villa de Aragón','2024-02-10 00:00:21','2024-02-10 00:00:21'),
(8,'Tezozómoc','2024-02-10 00:00:21','2024-02-10 00:00:21'),
(9,'Tecnológico','2024-02-10 00:00:21','2024-02-10 00:00:21'),
(10,'Colegio Militar','2024-02-10 00:00:21','2024-02-10 00:00:21'),
(11,'Chapultepec','2024-02-10 00:00:21','2024-02-10 00:00:21'),
(12,'Calle 11','2024-02-10 00:00:21','2024-02-10 00:00:21'),
(13,'Constitución de 1917','2024-02-10 00:00:21','2024-02-10 00:00:21'),
(14,'Copilco','2024-02-10 00:00:21','2024-02-10 00:00:21'),
(15,'Talismán','2024-02-10 00:00:21','2024-02-10 00:00:21'),
(16,'Terminal Aérea','2024-02-10 00:00:21','2024-02-10 00:00:21'),
(17,'Tepito','2024-02-10 00:00:21','2024-02-10 00:00:21'),
(18,'Hospital 20 de Nov.','2024-02-10 00:00:21','2024-02-10 00:00:21'),
(19,'Eugenia','2024-02-10 00:00:21','2024-02-10 00:00:21'),
(20,'Lomas Estrella','2024-02-10 00:00:21','2024-02-10 00:00:21'),
(21,'Tlatelolco','2024-02-10 00:00:21','2024-02-10 00:00:21'),
(22,'Atlalilco','2024-02-10 00:00:21','2024-02-10 00:00:21'),
(23,'Blvd. Puerto Aéreo','2024-02-10 00:00:21','2024-02-10 00:00:21'),
(24,'Chilpancingo','2024-02-10 00:00:21','2024-02-10 00:00:21'),
(25,'Ciudad Azteca','2024-02-10 00:00:21','2024-02-10 00:00:21'),
(26,'Niños Héroes','2024-02-10 00:00:21','2024-02-10 00:00:21'),
(27,'Popotla','2024-02-10 00:00:21','2024-02-10 00:00:21'),
(28,'San Joaquín','2024-02-10 00:00:21','2024-02-10 00:00:21'),
(29,'Universidad','2024-02-10 00:00:21','2024-02-10 00:00:21'),
(30,'Instituto del Petróleo','2024-02-10 00:00:21','2024-02-10 00:00:21'),
(31,'Escuadrón 201','2024-02-10 00:00:21','2024-02-10 00:00:21'),
(32,'Iztacalco','2024-02-10 00:00:21','2024-02-10 00:00:21'),
(33,'Juárez','2024-02-10 00:00:21','2024-02-10 00:00:21'),
(34,'Chabacano','2024-02-10 00:00:21','2024-02-10 00:00:21'),
(35,'Azcapotzalco','2024-02-10 00:00:21','2024-02-10 00:00:21'),
(36,'Bosque de Aragón','2024-02-10 00:00:21','2024-02-10 00:00:21'),
(37,'Tlaltenco','2024-02-10 00:00:21','2024-02-10 00:00:21'),
(38,'Jamaica','2024-02-10 00:00:21','2024-02-10 00:00:21'),
(39,'Oceanía','2024-02-10 00:00:21','2024-02-10 00:00:21'),
(40,'Iztapalapa','2024-02-10 00:00:21','2024-02-10 00:00:21'),
(41,'Mixhuca','2024-02-10 00:00:21','2024-02-10 00:00:21'),
(42,'Centro Médico','2024-02-10 00:00:21','2024-02-10 00:00:21'),
(43,'Balderas','2024-02-10 00:00:21','2024-02-10 00:00:21'),
(44,'Salto del Agua','2024-02-10 00:00:21','2024-02-10 00:00:21'),
(45,'Insurgentes','2024-02-10 00:00:21','2024-02-10 00:00:21'),
(46,'Guelatao','2024-02-10 00:00:21','2024-02-10 00:00:21'),
(47,'Morelos','2024-02-10 00:00:21','2024-02-10 00:00:21'),
(48,'Moctezuma','2024-02-10 00:00:21','2024-02-10 00:00:21'),
(49,'Normal','2024-02-10 00:00:21','2024-02-10 00:00:21'),
(50,'Zapata','2024-02-10 00:00:21','2024-02-10 00:00:21'),
(51,'Zaragoza','2024-02-10 00:00:21','2024-02-10 00:00:21'),
(52,'La Raza','2024-02-10 00:00:21','2024-02-10 00:00:21'),
(53,'Constituyentes','2024-02-10 00:00:21','2024-02-10 00:00:21'),
(54,'Múzquiz','2024-02-10 00:00:21','2024-02-10 00:00:21'),
(55,'Romero Rubio','2024-02-10 00:00:21','2024-02-10 00:00:21'),
(56,'San Cosme','2024-02-10 00:00:21','2024-02-10 00:00:21'),
(57,'Portales','2024-02-10 00:00:21','2024-02-10 00:00:21'),
(58,'Puebla','2024-02-10 00:00:21','2024-02-10 00:00:21'),
(59,'Santa Marta','2024-02-10 00:00:21','2024-02-10 00:00:21'),
(60,'Tasqueña','2024-02-10 00:00:21','2024-02-10 00:00:21'),
(61,'Xola','2024-02-10 00:00:21','2024-02-10 00:00:21'),
(62,'Canal del Norte','2024-02-10 00:00:21','2024-02-10 00:00:21'),
(63,'Buenavista','2024-02-10 00:00:21','2024-02-10 00:00:21'),
(64,'Balbuena','2024-02-10 00:00:21','2024-02-10 00:00:21'),
(65,'Ermita','2024-02-10 00:00:21','2024-02-10 00:00:21'),
(66,'Aragón','2024-02-10 00:00:21','2024-02-10 00:00:21'),
(67,'Deportivo 18 de Marzo','2024-02-10 00:00:21','2024-02-10 00:00:21'),
(68,'Auditorio','2024-02-10 00:00:21','2024-02-10 00:00:21'),
(69,'Culhuacán','2024-02-10 00:00:21','2024-02-10 00:00:21'),
(70,'El Rosario','2024-02-10 00:00:21','2024-02-10 00:00:21'),
(71,'Guerrero','2024-02-10 00:00:21','2024-02-10 00:00:21'),
(72,'Hospital General','2024-02-10 00:00:21','2024-02-10 00:00:21'),
(73,'Fray Servando','2024-02-10 00:00:21','2024-02-10 00:00:21'),
(74,'Patriotismo','2024-02-10 00:00:21','2024-02-10 00:00:21'),
(75,'Observatorio','2024-02-10 00:00:21','2024-02-10 00:00:21'),
(76,'La Paz','2024-02-10 00:00:21','2024-02-10 00:00:21'),
(77,'Valle Gómez','2024-02-10 00:00:21','2024-02-10 00:00:21'),
(78,'Tezonco','2024-02-10 00:00:21','2024-02-10 00:00:21'),
(79,'Candelaria','2024-02-10 00:00:21','2024-02-10 00:00:21'),
(80,'Aquiles Serdán','2024-02-10 00:00:21','2024-02-10 00:00:21'),
(81,'La Viga','2024-02-10 00:00:21','2024-02-10 00:00:21'),
(82,'Olímpica','2024-02-10 00:00:21','2024-02-10 00:00:21'),
(83,'Mexicaltzingo','2024-02-10 00:00:21','2024-02-10 00:00:21'),
(84,'Politécnico','2024-02-10 00:00:21','2024-02-10 00:00:21'),
(85,'Periférico Ote','2024-02-10 00:00:21','2024-02-10 00:00:21'),
(86,'San Lázaro','2024-02-10 00:00:21','2024-02-10 00:00:21'),
(87,'San Antonio','2024-02-10 00:00:21','2024-02-10 00:00:21'),
(88,'Zapotitlán','2024-02-10 00:00:21','2024-02-10 00:00:21'),
(89,'Tláhuac','2024-02-10 00:00:21','2024-02-10 00:00:21'),
(90,'Hidalgo','2024-02-10 00:00:21','2024-02-10 00:00:21'),
(91,'Etiopía / Plaza de la Transpatencia','2024-02-10 00:00:21','2024-02-10 00:00:21'),
(92,'Deportivo Oceanía','2024-02-10 00:00:21','2024-02-10 00:00:21'),
(93,'Impulsora','2024-02-10 00:00:21','2024-02-10 00:00:21'),
(94,'Consulado','2024-02-10 00:00:21','2024-02-10 00:00:21'),
(95,'Camarones','2024-02-10 00:00:21','2024-02-10 00:00:21'),
(96,'Allende','2024-02-10 00:00:21','2024-02-10 00:00:21'),
(97,'San Juan de Letrán','2024-02-10 00:00:21','2024-02-10 00:00:21'),
(98,'Viaducto','2024-02-10 00:00:21','2024-02-10 00:00:21'),
(99,'Vallejo','2024-02-10 00:00:21','2024-02-10 00:00:21'),
(100,'Doctores','2024-02-10 00:00:21','2024-02-10 00:00:21'),
(101,'Los Reyes','2024-02-10 00:00:21','2024-02-10 00:00:21'),
(102,'Bellas Artes','2024-02-10 00:00:21','2024-02-10 00:00:21'),
(103,'Autobuses del Norte','2024-02-10 00:00:21','2024-02-10 00:00:21'),
(104,'Acatitla','2024-02-10 00:00:21','2024-02-10 00:00:21'),
(105,'Revolución','2024-02-10 00:00:21','2024-02-10 00:00:21'),
(106,'Polanco','2024-02-10 00:00:21','2024-02-10 00:00:21'),
(107,'San Andrés Tomatlán','2024-02-10 00:00:21','2024-02-10 00:00:21'),
(108,'Garibaldi','2024-02-10 00:00:21','2024-02-10 00:00:21'),
(109,'Eduardo Molina','2024-02-10 00:00:21','2024-02-10 00:00:21'),
(110,'Coyuya','2024-02-10 00:00:21','2024-02-10 00:00:21'),
(111,'Coyoacán','2024-02-10 00:00:21','2024-02-10 00:00:21'),
(112,'Norte 45','2024-02-10 00:00:21','2024-02-10 00:00:21'),
(113,'Lindavista','2024-02-10 00:00:21','2024-02-10 00:00:21'),
(114,'Tacubaya','2024-02-10 00:00:21','2024-02-10 00:00:21'),
(115,'Mixcoac','2024-02-10 00:00:21','2024-02-10 00:00:21'),
(116,'Hangares','2024-02-10 00:00:21','2024-02-10 00:00:21'),
(117,'Nopalera','2024-02-10 00:00:21','2024-02-10 00:00:21'),
(118,'UAM-I','2024-02-10 00:00:21','2024-02-10 00:00:21'),
(119,'Velódromo','2024-02-10 00:00:21','2024-02-10 00:00:21'),
(120,'Cuauhtémoc','2024-02-10 00:00:21','2024-02-10 00:00:21'),
(121,'Apatlaco','2024-02-10 00:00:21','2024-02-10 00:00:21'),
(122,'Aculco','2024-02-10 00:00:21','2024-02-10 00:00:21'),
(123,'Agrícola Oriental','2024-02-10 00:00:21','2024-02-10 00:00:21'),
(124,'Eje Central','2024-02-10 00:00:21','2024-02-10 00:00:21'),
(125,'Pino Suárez','2024-02-10 00:00:21','2024-02-10 00:00:21'),
(126,'Río de los Remedios','2024-02-10 00:00:21','2024-02-10 00:00:21'),
(127,'Potrero','2024-02-10 00:00:21','2024-02-10 00:00:21'),
(128,'Sevilla','2024-02-10 00:00:21','2024-02-10 00:00:21'),
(129,'General Anaya','2024-02-10 00:00:21','2024-02-10 00:00:21'),
(130,'Indios Verdes','2024-02-10 00:00:21','2024-02-10 00:00:21'),
(131,'La Villa - Basílica','2024-02-10 00:00:21','2024-02-10 00:00:21'),
(132,'Parque de los Venados','2024-02-10 00:00:21','2024-02-10 00:00:21'),
(133,'Juanacatlán','2024-02-10 00:00:21','2024-02-10 00:00:21'),
(134,'Nativitas','2024-02-10 00:00:21','2024-02-10 00:00:21'),
(135,'Misterios','2024-02-10 00:00:21','2024-02-10 00:00:21'),
(136,'Barranca del Muerto','2024-02-10 00:00:21','2024-02-10 00:00:21'),
(137,'Miguel Ángel de Quevedo','2024-02-10 00:00:21','2024-02-10 00:00:21'),
(138,'Lagunilla','2024-02-10 00:00:21','2024-02-10 00:00:21'),
(139,'Olivos','2024-02-10 00:00:21','2024-02-10 00:00:21'),
(140,'Tepalcates','2024-02-10 00:00:21','2024-02-10 00:00:21'),
(141,'Zócalo','2024-02-10 00:00:21','2024-02-10 00:00:21'),
(142,'Gómez Farías','2024-02-10 00:00:21','2024-02-10 00:00:21'),
(143,'San Pedro de Los Pinos','2024-02-10 00:00:21','2024-02-10 00:00:21'),
(144,'Refinería','2024-02-10 00:00:21','2024-02-10 00:00:21'),
(145,'Villa de Cortés','2024-02-10 00:00:21','2024-02-10 00:00:21'),
(146,'R. Flores Magón','2024-02-10 00:00:21','2024-02-10 00:00:21'),
(147,'Insurgentes Sur','2024-02-10 00:00:21','2024-02-10 00:00:21'),
(148,'Viveros','2024-02-10 00:00:21','2024-02-10 00:00:21'),
(149,'Cerro de la Estrella','2024-02-10 00:00:21','2024-02-10 00:00:21'),
(150,'Bondojito','2024-02-10 00:00:21','2024-02-10 00:00:21'),
(151,'Canal de San Juan','2024-02-10 00:00:21','2024-02-10 00:00:21'),
(152,'San Antonio Abad','2024-02-10 00:00:21','2024-02-10 00:00:21'),
(153,'Obrera','2024-02-10 00:00:21','2024-02-10 00:00:21'),
(154,'Plaza Aragón','2024-02-10 00:00:21','2024-02-10 00:00:21'),
(155,'Panteones','2024-02-10 00:00:21','2024-02-10 00:00:21'),
(156,'Peñón Viejo','2024-02-10 00:00:21','2024-02-10 00:00:21'),
(157,'División del Norte','2024-02-10 00:00:21','2024-02-10 00:00:21'),
(158,'Cuitláhuac','2024-02-10 00:00:21','2024-02-10 00:00:21'),
(159,'Ciudad Deportiva','2024-02-10 00:00:21','2024-02-10 00:00:21'),
(160,'Cuatro Caminos','2024-02-10 00:00:21','2024-02-10 00:00:21'),
(161,'Isabel la Católica','2024-02-10 00:00:21','2024-02-10 00:00:21'),
(162,'Nezahualcóyotl','2024-02-10 00:00:21','2024-02-10 00:00:21'),
(163,'Merced','2024-02-10 00:00:21','2024-02-10 00:00:21'),
(164,'Merced','2024-02-10 00:00:21','2024-02-10 00:00:21'),
(165,'Lázaro de Guerrero','2024-02-10 00:00:21','2024-02-10 00:00:21'),
(166,'Benito Cárdenas','2024-02-10 00:00:21','2024-02-10 00:00:21');



CREATE TABLE `lines_stations` (
  `id` bigint(20) unsigned NOT NULL AUTO_INCREMENT,
  `line_id` bigint(20) unsigned NOT NULL,
  `station_id` bigint(20) unsigned NOT NULL,
  `created_at` timestamp NOT NULL DEFAULT current_timestamp(),
  `updated_at` timestamp NOT NULL DEFAULT current_timestamp(),
  PRIMARY KEY (`id`),
  KEY `lines_stations_line_id_foreign` (`line_id`),
  KEY `lines_stations_station_id_foreign` (`station_id`),
  CONSTRAINT `lines_stations_line_id_foreign` FOREIGN KEY (`line_id`) REFERENCES `lines` (`id`),
  CONSTRAINT `lines_stations_station_id_foreign` FOREIGN KEY (`station_id`) REFERENCES `stations` (`id`)
) DEFAULT CHARSET=utf8mb4 COLLATE=utf8mb4_unicode_ci;


INSERT INTO `lines_stations` VALUES
(1,9,1,'2024-02-19 12:35:55','2024-02-19 12:35:55'),
(2,6,2,'2024-02-19 12:35:55','2024-02-19 12:35:55'),
(3,10,3,'2024-02-19 12:35:55','2024-02-19 12:35:55'),
(4,2,4,'2024-02-19 12:35:55','2024-02-19 12:35:55'),
(5,6,5,'2024-02-19 12:35:55','2024-02-19 12:35:55'),
(6,4,6,'2024-02-19 12:35:55','2024-02-19 12:35:55'),
(7,11,7,'2024-02-19 12:35:55','2024-02-19 12:35:55'),
(8,6,8,'2024-02-19 12:35:55','2024-02-19 12:35:55'),
(9,11,9,'2024-02-19 12:35:55','2024-02-19 12:35:55'),
(10,2,10,'2024-02-19 12:35:55','2024-02-19 12:35:55'),
(11,1,11,'2024-02-19 12:35:55','2024-02-19 12:35:55'),
(12,12,12,'2024-02-19 12:35:55','2024-02-19 12:35:55'),
(13,8,13,'2024-02-19 12:35:55','2024-02-19 12:35:55'),
(14,3,14,'2024-02-19 12:35:55','2024-02-19 12:35:55'),
(15,7,4,'2024-02-19 12:35:55','2024-02-19 12:35:55'),
(16,4,15,'2024-02-19 12:35:55','2024-02-19 12:35:55'),
(17,5,16,'2024-02-19 12:35:55','2024-02-19 12:35:55'),
(18,11,17,'2024-02-19 12:35:55','2024-02-19 12:35:55'),
(19,12,18,'2024-02-19 12:35:55','2024-02-19 12:35:55'),
(20,3,19,'2024-02-19 12:35:55','2024-02-19 12:35:55'),
(21,12,20,'2024-02-19 12:35:55','2024-02-19 12:35:55'),
(22,3,21,'2024-02-19 12:35:55','2024-02-19 12:35:55'),
(23,8,22,'2024-02-19 12:35:55','2024-02-19 12:35:55'),
(24,1,23,'2024-02-19 12:35:55','2024-02-19 12:35:55'),
(25,9,24,'2024-02-19 12:35:55','2024-02-19 12:35:55'),
(26,11,25,'2024-02-19 12:35:55','2024-02-19 12:35:55'),
(27,3,26,'2024-02-19 12:35:55','2024-02-19 12:35:55'),
(28,2,27,'2024-02-19 12:35:55','2024-02-19 12:35:55'),
(29,7,28,'2024-02-19 12:35:55','2024-02-19 12:35:55'),
(30,3,29,'2024-02-19 12:35:55','2024-02-19 12:35:55'),
(31,6,30,'2024-02-19 12:35:55','2024-02-19 12:35:55'),
(32,8,31,'2024-02-19 12:35:55','2024-02-19 12:35:55'),
(33,8,32,'2024-02-19 12:35:55','2024-02-19 12:35:55'),
(34,3,33,'2024-02-19 12:35:55','2024-02-19 12:35:55'),
(35,2,34,'2024-02-19 12:35:55','2024-02-19 12:35:55'),
(36,6,35,'2024-02-19 12:35:55','2024-02-19 12:35:55'),
(37,11,36,'2024-02-19 12:35:55','2024-02-19 12:35:55'),
(38,12,37,'2024-02-19 12:35:55','2024-02-19 12:35:55'),
(39,4,38,'2024-02-19 12:35:55','2024-02-19 12:35:55'),
(40,11,39,'2024-02-19 12:35:55','2024-02-19 12:35:55'),
(41,8,40,'2024-02-19 12:35:55','2024-02-19 12:35:55'),
(42,9,41,'2024-02-19 12:35:55','2024-02-19 12:35:55'),
(43,3,42,'2024-02-19 12:35:55','2024-02-19 12:35:55'),
(44,1,43,'2024-02-19 12:35:55','2024-02-19 12:35:55'),
(45,9,34,'2024-02-19 12:35:55','2024-02-19 12:35:55'),
(46,8,44,'2024-02-19 12:35:55','2024-02-19 12:35:55'),
(47,1,45,'2024-02-19 12:35:55','2024-02-19 12:35:55'),
(48,10,46,'2024-02-19 12:35:55','2024-02-19 12:35:55'),
(49,11,47,'2024-02-19 12:35:55','2024-02-19 12:35:55'),
(50,1,48,'2024-02-19 12:35:55','2024-02-19 12:35:55'),
(51,2,49,'2024-02-19 12:35:55','2024-02-19 12:35:55'),
(52,3,50,'2024-02-19 12:35:55','2024-02-19 12:35:55'),
(53,1,51,'2024-02-19 12:35:55','2024-02-19 12:35:55'),
(54,5,52,'2024-02-19 12:35:55','2024-02-19 12:35:55'),
(55,9,38,'2024-02-19 12:35:55','2024-02-19 12:35:55'),
(56,7,53,'2024-02-19 12:35:55','2024-02-19 12:35:55'),
(57,11,54,'2024-02-19 12:35:55','2024-02-19 12:35:55'),
(58,11,55,'2024-02-19 12:35:55','2024-02-19 12:35:55'),
(59,2,56,'2024-02-19 12:35:55','2024-02-19 12:35:55'),
(60,2,57,'2024-02-19 12:35:55','2024-02-19 12:35:55'),
(61,9,58,'2024-02-19 12:35:55','2024-02-19 12:35:55'),
(62,10,59,'2024-02-19 12:35:55','2024-02-19 12:35:55'),
(63,2,60,'2024-02-19 12:35:55','2024-02-19 12:35:55'),
(64,2,61,'2024-02-19 12:35:55','2024-02-19 12:35:55'),
(65,4,62,'2024-02-19 12:35:55','2024-02-19 12:35:55'),
(66,11,63,'2024-02-19 12:35:55','2024-02-19 12:35:55'),
(67,1,64,'2024-02-19 12:35:55','2024-02-19 12:35:55'),
(68,2,65,'2024-02-19 12:35:55','2024-02-19 12:35:55'),
(69,5,66,'2024-02-19 12:35:55','2024-02-19 12:35:55'),
(70,6,67,'2024-02-19 12:35:55','2024-02-19 12:35:55'),
(71,12,22,'2024-02-19 12:35:55','2024-02-19 12:35:55'),
(72,7,68,'2024-02-19 12:35:55','2024-02-19 12:35:55'),
(73,12,69,'2024-02-19 12:35:55','2024-02-19 12:35:55'),
(74,8,6,'2024-02-19 12:35:55','2024-02-19 12:35:55'),
(75,6,30,'2024-02-19 12:35:55','2024-02-19 12:35:55'),
(76,7,70,'2024-02-19 12:35:55','2024-02-19 12:35:55'),
(77,3,71,'2024-02-19 12:35:55','2024-02-19 12:35:55'),
(78,3,72,'2024-02-19 12:35:55','2024-02-19 12:35:55'),
(79,4,73,'2024-02-19 12:35:55','2024-02-19 12:35:55'),
(80,12,65,'2024-02-19 12:35:55','2024-02-19 12:35:55'),
(81,1,3,'2024-02-19 12:35:55','2024-02-19 12:35:55'),
(82,9,74,'2024-02-19 12:35:55','2024-02-19 12:35:55'),
(83,1,75,'2024-02-19 12:35:55','2024-02-19 12:35:55'),
(84,10,76,'2024-02-19 12:35:55','2024-02-19 12:35:55'),
(85,5,77,'2024-02-19 12:35:55','2024-02-19 12:35:55'),
(86,12,78,'2024-02-19 12:35:55','2024-02-19 12:35:55'),
(87,8,34,'2024-02-19 12:35:55','2024-02-19 12:35:55'),
(88,4,79,'2024-02-19 12:35:55','2024-02-19 12:35:55'),
(89,7,80,'2024-02-19 12:35:55','2024-02-19 12:35:55'),
(90,8,81,'2024-02-19 12:35:55','2024-02-19 12:35:55'),
(91,11,82,'2024-02-19 12:35:55','2024-02-19 12:35:55'),
(92,12,83,'2024-02-19 12:35:55','2024-02-19 12:35:55'),
(93,5,84,'2024-02-19 12:35:55','2024-02-19 12:35:55'),
(94,12,85,'2024-02-19 12:35:55','2024-02-19 12:35:55'),
(95,11,86,'2024-02-19 12:35:55','2024-02-19 12:35:55'),
(96,7,87,'2024-02-19 12:35:55','2024-02-19 12:35:55'),
(97,12,88,'2024-02-19 12:35:55','2024-02-19 12:35:55'),
(98,12,89,'2024-02-19 12:35:55','2024-02-19 12:35:55'),
(99,3,90,'2024-02-19 12:35:55','2024-02-19 12:35:55'),
(100,2,90,'2024-02-19 12:35:55','2024-02-19 12:35:55'),
(101,3,91,'2024-02-19 12:35:55','2024-02-19 12:35:55'),
(102,11,92,'2024-02-19 12:35:55','2024-02-19 12:35:55'),
(103,11,93,'2024-02-19 12:35:55','2024-02-19 12:35:55'),
(104,3,67,'2024-02-19 12:35:55','2024-02-19 12:35:55'),
(105,4,94,'2024-02-19 12:35:55','2024-02-19 12:35:55'),
(106,7,95,'2024-02-19 12:35:55','2024-02-19 12:35:55'),
(107,2,96,'2024-02-19 12:35:55','2024-02-19 12:35:55'),
(108,8,97,'2024-02-19 12:35:55','2024-02-19 12:35:55'),
(109,2,98,'2024-02-19 12:35:55','2024-02-19 12:35:55'),
(110,6,99,'2024-02-19 12:35:55','2024-02-19 12:35:55'),
(111,9,3,'2024-02-19 12:35:55','2024-02-19 12:35:55'),
(112,4,47,'2024-02-19 12:35:55','2024-02-19 12:35:55'),
(113,8,100,'2024-02-19 12:35:55','2024-02-19 12:35:55'),
(114,10,101,'2024-02-19 12:35:55','2024-02-19 12:35:55'),
(115,8,102,'2024-02-19 12:35:55','2024-02-19 12:35:55'),
(116,3,43,'2024-02-19 12:35:55','2024-02-19 12:35:55'),
(117,5,103,'2024-02-19 12:35:55','2024-02-19 12:35:55'),
(118,10,104,'2024-02-19 12:35:55','2024-02-19 12:35:55'),
(119,2,105,'2024-02-19 12:35:55','2024-02-19 12:35:55'),
(120,7,106,'2024-02-19 12:35:55','2024-02-19 12:35:55'),
(121,12,107,'2024-02-19 12:35:55','2024-02-19 12:35:55'),
(122,11,108,'2024-02-19 12:35:55','2024-02-19 12:35:55'),
(123,5,109,'2024-02-19 12:35:55','2024-02-19 12:35:55'),
(124,8,110,'2024-02-19 12:35:55','2024-02-19 12:35:55'),
(125,3,111,'2024-02-19 12:35:55','2024-02-19 12:35:55'),
(126,6,112,'2024-02-19 12:35:55','2024-02-19 12:35:55'),
(127,6,113,'2024-02-19 12:35:55','2024-02-19 12:35:55'),
(128,7,114,'2024-02-19 12:35:55','2024-02-19 12:35:55'),
(129,8,108,'2024-02-19 12:35:55','2024-02-19 12:35:55'),
(130,7,115,'2024-02-19 12:35:55','2024-02-19 12:35:55'),
(131,12,115,'2024-02-19 12:35:55','2024-02-19 12:35:55'),
(132,5,116,'2024-02-19 12:35:55','2024-02-19 12:35:55'),
(133,6,70,'2024-02-19 12:35:55','2024-02-19 12:35:55'),
(134,5,39,'2024-02-19 12:35:55','2024-02-19 12:35:55'),
(135,12,117,'2024-02-19 12:35:55','2024-02-19 12:35:55'),
(136,2,102,'2024-02-19 12:35:55','2024-02-19 12:35:55'),
(137,8,118,'2024-02-19 12:35:55','2024-02-19 12:35:55'),
(138,9,119,'2024-02-19 12:35:55','2024-02-19 12:35:55'),
(139,1,120,'2024-02-19 12:35:55','2024-02-19 12:35:55'),
(140,8,121,'2024-02-19 12:35:55','2024-02-19 12:35:55'),
(141,8,122,'2024-02-19 12:35:55','2024-02-19 12:35:55'),
(142,10,123,'2024-02-19 12:35:55','2024-02-19 12:35:55'),
(143,12,124,'2024-02-19 12:35:55','2024-02-19 12:35:55'),
(144,1,114,'2024-02-19 12:35:55','2024-02-19 12:35:55'),
(145,2,125,'2024-02-19 12:35:55','2024-02-19 12:35:55'),
(146,11,126,'2024-02-19 12:35:55','2024-02-19 12:35:55'),
(147,3,127,'2024-02-19 12:35:55','2024-02-19 12:35:55'),
(148,1,128,'2024-02-19 12:35:55','2024-02-19 12:35:55'),
(149,2,129,'2024-02-19 12:35:55','2024-02-19 12:35:55'),
(150,3,130,'2024-02-19 12:35:55','2024-02-19 12:35:55'),
(151,6,131,'2024-02-19 12:35:55','2024-02-19 12:35:55'),
(152,12,132,'2024-02-19 12:35:55','2024-02-19 12:35:55'),
(153,1,133,'2024-02-19 12:35:55','2024-02-19 12:35:55'),
(154,2,134,'2024-02-19 12:35:55','2024-02-19 12:35:55'),
(155,5,135,'2024-02-19 12:35:55','2024-02-19 12:35:55'),
(156,1,79,'2024-02-19 12:35:55','2024-02-19 12:35:55'),
(157,7,136,'2024-02-19 12:35:55','2024-02-19 12:35:55'),
(158,3,137,'2024-02-19 12:35:55','2024-02-19 12:35:55'),
(159,11,138,'2024-02-19 12:35:55','2024-02-19 12:35:55'),
(160,12,139,'2024-02-19 12:35:55','2024-02-19 12:35:55'),
(161,1,86,'2024-02-19 12:35:55','2024-02-19 12:35:55'),
(162,10,140,'2024-02-19 12:35:55','2024-02-19 12:35:55'),
(163,2,141,'2024-02-19 12:35:55','2024-02-19 12:35:55'),
(164,1,142,'2024-02-19 12:35:55','2024-02-19 12:35:55'),
(165,9,42,'2024-02-19 12:35:55','2024-02-19 12:35:55'),
(166,5,94,'2024-02-19 12:35:55','2024-02-19 12:35:55'),
(167,1,125,'2024-02-19 12:35:55','2024-02-19 12:35:55'),
(168,1,44,'2024-02-19 12:35:55','2024-02-19 12:35:55'),
(169,7,143,'2024-02-19 12:35:55','2024-02-19 12:35:55'),
(170,7,144,'2024-02-19 12:35:55','2024-02-19 12:35:55'),
(171,2,145,'2024-02-19 12:35:55','2024-02-19 12:35:55'),
(172,11,146,'2024-02-19 12:35:55','2024-02-19 12:35:55'),
(173,11,71,'2024-02-19 12:35:55','2024-02-19 12:35:55'),
(174,12,147,'2024-02-19 12:35:55','2024-02-19 12:35:55'),
(175,12,50,'2024-02-19 12:35:55','2024-02-19 12:35:55'),
(176,3,148,'2024-02-19 12:35:55','2024-02-19 12:35:55'),
(177,8,149,'2024-02-19 12:35:55','2024-02-19 12:35:55'),
(178,4,150,'2024-02-19 12:35:55','2024-02-19 12:35:55'),
(179,10,151,'2024-02-19 12:35:55','2024-02-19 12:35:55'),
(180,5,3,'2024-02-19 12:35:55','2024-02-19 12:35:55'),
(181,2,152,'2024-02-19 12:35:55','2024-02-19 12:35:55'),
(182,8,153,'2024-02-19 12:35:55','2024-02-19 12:35:55'),
(183,11,154,'2024-02-19 12:35:55','2024-02-19 12:35:55'),
(184,2,155,'2024-02-19 12:35:55','2024-02-19 12:35:55'),
(185,10,156,'2024-02-19 12:35:55','2024-02-19 12:35:55'),
(186,3,157,'2024-02-19 12:35:55','2024-02-19 12:35:55'),
(187,2,158,'2024-02-19 12:35:55','2024-02-19 12:35:55'),
(188,9,159,'2024-02-19 12:35:55','2024-02-19 12:35:55'),
(189,2,160,'2024-02-19 12:35:55','2024-02-19 12:35:55'),
(190,4,5,'2024-02-19 12:35:55','2024-02-19 12:35:55'),
(191,3,52,'2024-02-19 12:35:55','2024-02-19 12:35:55'),
(192,1,161,'2024-02-19 12:35:55','2024-02-19 12:35:55'),
(193,11,162,'2024-02-19 12:35:55','2024-02-19 12:35:55'),
(194,1,163,'2024-02-19 12:35:55','2024-02-19 12:35:55'),
(195,9,114,'2024-02-19 12:35:55','2024-02-19 12:35:55');


CREATE TABLE `stations_delete` (
  `id` bigint(20) unsigned NOT NULL AUTO_INCREMENT,
  `name` varchar(50) NOT NULL,
  `created_at` timestamp NOT NULL DEFAULT current_timestamp(),
  `updated_at` timestamp NOT NULL DEFAULT current_timestamp(),
  PRIMARY KEY (`id`)
) ENGINE=InnoDB DEFAULT CHARSET=utf8mb4 COLLATE=utf8mb4_unicode_ci;

CREATE TABLE `trains` (
  `serial_number` varchar(10) NOT NULL,
  `line_id` bigint(20) unsigned NOT NULL,
  `type` tinyint(4) NOT NULL,
  `year` int(4) NOT NULL,
  `created_at` timestamp NOT NULL DEFAULT current_timestamp(),
  `updated_at` timestamp NOT NULL DEFAULT current_timestamp(),
  PRIMARY KEY (`serial_number`),
  KEY `trains_line_id_foreign` (`line_id`),
  CONSTRAINT `trains_line_id_foreign` FOREIGN KEY (`line_id`) REFERENCES `lines` (`id`)
) DEFAULT CHARSET=utf8mb4 COLLATE=utf8mb4_unicode_ci;

INSERT INTO `trains` VALUES
('0JFxafE4q8',1,1,1963,'2024-02-14 01:30:58','2024-02-14 01:30:58'),
('2e5v4FHs0T',3,2,1984,'2024-02-14 01:30:58','2024-02-14 01:30:58'),
('5xPdsZ1x9L',3,2,1948,'2024-02-14 01:30:58','2024-02-14 01:30:58'),
('7csbz2qteT',1,1,1971,'2024-02-14 01:30:58','2024-02-14 01:30:58'),
('8PwCI0CC6n',4,1,1990,'2024-02-14 01:30:58','2024-02-14 01:30:58'),
('9ilxeEwlnH',4,2,1994,'2024-02-14 01:30:58','2024-02-14 01:30:58'),
('aWDpmlRsOG',4,2,1998,'2024-02-14 01:30:58','2024-02-14 01:30:58'),
('ax5jrpNIWG',4,2,1952,'2024-02-14 01:30:58','2024-02-14 01:30:58'),
('B83fPCVFbH',1,1,1990,'2024-02-14 01:30:58','2024-02-14 01:30:58'),
('Bv1MN0DuUm',2,2,1952,'2024-02-14 01:30:58','2024-02-14 01:30:58'),
('D9m2gBhBJw',2,1,1969,'2024-02-14 01:30:58','2024-02-14 01:30:58'),
('EDUumFCvJl',2,1,1967,'2024-02-14 01:30:58','2024-02-14 01:30:58'),
('ejN3a4CsDC',3,2,1997,'2024-02-14 01:30:58','2024-02-14 01:30:58'),
('f49Bk0GzBi',4,2,1967,'2024-02-14 01:30:58','2024-02-14 01:30:58'),
('Ge92a6hVX8',3,2,1967,'2024-02-14 01:30:58','2024-02-14 01:30:58'),
('Huz9yGcao5',2,1,1980,'2024-02-14 01:30:58','2024-02-14 01:30:58'),
('Hvhw9vxUaH',3,1,1983,'2024-02-14 01:30:58','2024-02-14 01:30:58'),
('JO5UinVh7B',2,1,1956,'2024-02-14 01:30:58','2024-02-14 01:30:58'),
('MPbPGQfWxT',2,2,1982,'2024-02-14 01:30:58','2024-02-14 01:30:58'),
('mS0SY0eScA',3,2,1986,'2024-02-14 01:30:58','2024-02-14 01:30:58'),
('oCut3fDYXE',3,2,1987,'2024-02-14 01:30:58','2024-02-14 01:30:58'),
('oRyT0nwjUn',2,1,1988,'2024-02-14 01:30:58','2024-02-14 01:30:58'),
('OtmhQxSRpS',3,2,1956,'2024-02-14 01:30:58','2024-02-14 01:30:58'),
('Pazz9JGCbJ',1,2,1988,'2024-02-14 01:30:58','2024-02-14 01:30:58'),
('pBnf2N5Ncc',4,1,1981,'2024-02-14 01:30:58','2024-02-14 01:30:58'),
('pMldxCQ2sS',3,1,1984,'2024-02-14 01:30:58','2024-02-14 01:30:58'),
('q92m0d8aWM',1,1,1979,'2024-02-14 01:30:58','2024-02-14 01:30:58'),
('QJ22USb3ry',2,1,1949,'2024-02-14 01:30:58','2024-02-14 01:30:58'),
('rnpVQQPs5b',4,1,1984,'2024-02-14 01:30:58','2024-02-14 01:30:58'),
('S06Q7kXYrP',1,1,1990,'2024-02-14 01:30:58','2024-02-14 01:30:58'),
('s0QypBy7cJ',2,2,1958,'2024-02-14 01:30:58','2024-02-14 01:30:58'),
('S6R4dX4THI',2,2,1994,'2024-02-14 01:30:58','2024-02-14 01:30:58'),
('t8HhPpvYbU',1,2,1996,'2024-02-14 01:30:58','2024-02-14 01:30:58'),
('U9xuOQl3kh',3,1,1982,'2024-02-14 01:30:58','2024-02-14 01:30:58'),
('uibQ7F5VE7',4,1,1961,'2024-02-14 01:30:58','2024-02-14 01:30:58'),
('Uj5G2Bodtk',4,2,1985,'2024-02-14 01:30:58','2024-02-14 01:30:58'),
('VjPElNnH29',3,2,1964,'2024-02-14 01:30:58','2024-02-14 01:30:58'),
('vOv1sCgHoa',1,1,1947,'2024-02-14 01:30:58','2024-02-14 01:30:58'),
('VViBQInzq3',4,2,1959,'2024-02-14 01:30:58','2024-02-14 01:30:58'),
('wGweNe36QH',1,2,1987,'2024-02-14 01:30:58','2024-02-14 01:30:58'),
('Wh09mwE4yn',4,1,1968,'2024-02-14 01:30:58','2024-02-14 01:30:58'),
('XE89MYo0IU',3,1,1986,'2024-02-14 01:30:58','2024-02-14 01:30:58'),
('Z5qAgGpFTj',1,1,1971,'2024-02-14 01:30:58','2024-02-14 01:30:58'),
('ZbX2yY5Wyz',1,2,1966,'2024-02-14 01:30:58','2024-02-14 01:30:58'),
('zeaEgOCuYl',2,2,1997,'2024-02-14 01:30:58','2024-02-14 01:30:58'),
('ZHA4kQokXG',2,1,1977,'2024-02-14 01:30:58','2024-02-14 01:30:58'),
('zpO3I3tS4e',1,2,1995,'2024-02-14 01:30:58','2024-02-14 01:30:58'),
('zpYnPq7vmN',4,2,1976,'2024-02-14 01:30:58','2024-02-14 01:30:58');
